Model,Default RMSE,Tuned RMSE,RMSE Change %,Default R²,Tuned R²,R² Change %,Version Used
RF_Base,10.682432610258186,10.546181316014769,1.2754706649174339,0.45489730486036517,0.46871387610878945,3.037294593922776,TUNED
RF_Extended,9.655186832820393,9.592870194568128,0.6454213608838163,0.5546931561265963,0.5604228170194907,1.0329424168317534,TUNED
XGBoost_Base,12.419843199030096,12.622230716926238,-1.629549702462805,0.2631650259751611,0.23895518018740614,-9.199492105018555,DEFAULT
XGBoost_Extended,11.878197104454236,12.829746962832422,-8.010894667014426,0.3260323348244081,0.2137255060285369,-34.446530849879196,DEFAULT
